Time [s],TX hub @ 115200,RX hub @ 115200
1.932016607,0,0
1.958119000,1,0
1.958124750,1,1
1.958148500,0,1
1.960011000,1,1
1.964783750,1,0
1.976010250,0,0
1.978011000,1,0
1.994013000,0,0
1.996013250,1,0
2.012014750,0,0
2.014015500,1,0
2.027965750,1,1
2.029587250,1,0
2.030017750,0,0
2.032017750,1,0
2.048019000,0,0
2.050020750,1,0
2.066022500,0,0
2.068022000,1,0
2.084023500,0,0
2.086025750,1,0
2.102025750,0,0
2.104026500,1,0
2.120028250,0,0
2.122028500,1,0
2.138030000,0,0
2.140031500,1,0
2.156032250,0,0
2.158033000,1,0
2.174034500,0,0
2.176035250,1,0
2.192036500,0,0
2.194037500,1,0
2.210039750,0,0
2.212039500,1,0
2.228041000,0,0
2.230042750,1,0
2.246042500,0,0
2.248044000,1,0
2.264045500,0,0
2.266045500,1,0
2.282047500,0,0
2.284048500,1,0
2.300051500,0,0
2.302050500,1,0
2.318052000,0,0
2.320055000,1,0
2.334080500,0,0
2.334098000,1,0
2.334106500,0,0
2.334124000,1,0
2.334132750,0,0
2.334141250,1,0
2.334150000,0,0
2.334158750,1,0
2.334167500,0,0
2.334245500,1,0
2.334254250,0,0
2.334271750,1,0
2.334280250,0,0
2.334315000,1,0
2.334341250,0,0
2.334349750,1,0
2.334358500,0,0
2.334419250,1,0
2.334428000,0,0
2.334506250,1,0
2.334515000,0,0
2.334532250,1,0
2.334558500,0,0
2.334567000,1,0
2.334584500,0,0
2.334593250,1,0
2.334639000,1,1
2.334725750,1,0
2.334751750,1,1
2.334760500,1,0
2.334803750,1,1
2.343115250,1,0
2.343750250,1,1
2.344825750,1,0
2.344886500,1,1
2.344895000,1,0
2.344903750,1,1
2.344912500,1,0
2.344921000,1,1
2.344938500,1,0
2.344947250,1,1
2.344955750,1,0
2.344973250,1,1
2.344981750,1,0
2.344990500,1,1
2.344999250,1,0
2.345025250,1,1
2.345034000,1,0
2.345042500,1,1
2.346863750,1,0
2.346872500,1,1
2.346881250,1,0
2.346898500,1,1
2.346907250,1,0
2.346924500,1,1
2.346933250,1,0
2.346942000,1,1
2.346950500,1,0
2.346959250,1,1
2.346968000,1,0
2.346976500,1,1
2.346985250,1,0
2.347028750,1,1
2.347037250,1,0
2.347046000,1,1
2.347063250,1,0
2.347115500,1,1
2.347124000,1,0
2.347167500,1,1
2.347184750,1,0
2.347193500,1,1
2.348893250,1,0
2.348910500,1,1
2.348919250,1,0
2.348936500,1,1
2.348945250,1,0
2.348954000,1,1
2.348962500,1,0
2.348971250,1,1
2.348980000,1,0
2.349058000,1,1
2.349066750,1,0
2.349084000,1,1
2.349092750,1,0
2.349127250,1,1
2.349153250,1,0
2.349162000,1,1
2.349170750,1,0
2.349231500,1,1
2.349240000,1,0
2.349318250,1,1
2.349326750,1,0
2.349344250,1,1
2.349370250,1,0
2.349378750,1,1
2.349396250,1,0
2.349404750,1,1
2.350940000,1,0
2.350948750,1,1
2.350992000,1,0
2.351000750,1,1
2.351009250,1,0
2.351018000,1,1
2.351026750,1,0
2.351052750,1,1
2.351061500,1,0
2.351104750,1,1
2.351113500,1,0
2.351191500,1,1
2.351200250,1,0
2.351278250,1,1
2.351287000,1,0
2.351365000,1,1
2.351373500,1,0
2.351451750,1,1
2.351460250,1,0
2.351538500,1,1
2.351547000,1,0
2.351625000,1,1
2.351633750,1,0
2.351677250,1,1
2.351685750,1,0
2.351711750,1,1
2.351720500,1,0
2.351746500,1,1
2.351755250,1,0
2.351763750,1,1
2.351781250,1,0
2.351789750,1,1
2.370279250,1,0
2.370288000,1,1
2.370296750,1,0
2.370305250,1,1
2.370314000,1,0
2.370331250,1,1
2.370340000,1,0
2.370348750,1,1
2.370366000,1,0
2.370444000,1,1
2.370452750,1,0
2.370461500,1,1
2.370478750,1,0
2.370496250,1,1
2.370504750,1,0
2.370513500,1,1
2.370522250,1,0
2.370530750,1,1
2.370539500,1,0
2.370565500,1,1
2.370574250,1,0
2.370582750,1,1
2.370591500,1,0
2.370600250,1,1
2.370609000,1,0
2.370617500,1,1
2.370626250,1,0
2.370635000,1,1
2.370643500,1,0
2.370687000,1,1
2.370695750,1,0
2.370704250,1,1
2.370713000,1,0
2.370739000,1,1
2.370747750,1,0
2.370756250,1,1
2.370765000,1,0
2.370773750,1,1
2.370782500,1,0
2.370791000,1,1
2.370799750,1,0
2.370808500,1,1
2.370825750,1,0
2.370843000,1,1
2.370851750,1,0
2.370860500,1,1
2.370869000,1,0
2.370877750,1,1
2.370886500,1,0
2.370964500,1,1
2.370973250,1,0
2.371051250,1,1
2.371060000,1,0
2.371138000,1,1
2.371146750,1,0
2.371224750,1,1
2.371233500,1,0
2.371311500,1,1
2.371320250,1,0
2.371328750,1,1
2.371337500,1,0
2.371346250,1,1
2.371354750,1,0
2.371398250,1,1
2.371406750,1,0
2.371432750,1,1
2.371441500,1,0
2.371485000,1,1
2.371493500,1,0
2.371571500,1,1
2.371580250,1,0
2.371658250,1,1
2.371667000,1,0
2.371745000,1,1
2.371753750,1,0
2.371831750,1,1
2.371840500,1,0
2.371857750,1,1
2.371866500,1,0
2.371875250,1,1
2.371892500,1,0
2.371918500,1,1
2.372222250,1,0
2.372230750,1,1
2.372239500,1,0
2.372248250,1,1
2.372274250,1,0
2.372291500,1,1
2.372309000,1,0
2.372317500,1,1
2.372326250,1,0
2.372387000,1,1
2.372395500,1,0
2.372473750,1,1
2.372482250,1,0
2.372560250,1,1
2.372569000,1,0
2.372647000,1,1
2.372655750,1,0
2.372733750,1,1
2.372742500,1,0
2.372820500,1,1
2.372829250,1,0
2.372838000,1,1
2.372916000,1,0
2.372924750,1,1
2.372985500,1,0
2.372994000,1,1
2.373002750,1,0
2.373011500,1,1
2.373037500,1,0
2.373063500,1,1
2.373072250,1,0
2.373080750,1,1
2.373089500,1,0
2.373115500,1,1
2.373124250,1,0
2.373141500,1,1
2.373150250,1,0
2.373158750,1,1
2.374269250,1,0
2.374277750,1,1
2.374286500,1,0
2.374295000,1,1
2.374321250,1,0
2.374338500,1,1
2.374355750,1,0
2.374373250,1,1
2.374382000,1,0
2.374434000,1,1
2.374442500,1,0
2.374520500,1,1
2.374529250,1,0
2.374607250,1,1
2.374616000,1,0
2.374694000,1,1
2.374702750,1,0
2.374780750,1,1
2.374789500,1,0
2.374867500,1,1
2.374876250,1,0
2.374954250,1,1
2.374963000,1,0
2.374997750,1,1
2.375006250,1,0
2.375023750,1,1
2.375049750,1,0
2.375067000,1,1
2.375075750,1,0
2.375110500,1,1
2.375119000,1,0
2.375127750,1,1
2.375136500,1,0
2.375153750,1,1
2.375162500,1,0
2.375171000,1,1
2.375179750,1,0
2.375188500,1,1
2.376316000,1,0
2.376324750,1,1
2.376333500,1,0
2.376342000,1,1
2.376368000,1,0
2.376385500,1,1
2.376402750,1,0
2.376411500,1,1
2.376428750,1,0
2.376480750,1,1
2.376489500,1,0
2.376567500,1,1
2.376576250,1,0
2.376654250,1,1
2.376663000,1,0
2.376741000,1,1
2.376749750,1,0
2.376827750,1,1
2.376836500,1,0
2.376914500,1,1
2.376923250,1,0
2.376931750,1,1
2.377010000,1,0
2.377018500,1,1
2.377079250,1,0
2.377088000,1,1
2.377096500,1,0
2.377105250,1,1
2.377131250,1,0
2.377157250,1,1
2.377166000,1,0
2.377174500,1,1
2.377183250,1,0
2.377200750,1,1
2.377218000,1,0
2.377235250,1,1
2.377244000,1,0
2.377252750,1,1
2.378727250,1,0
2.378735750,1,1
2.378744500,1,0
2.378753250,1,1
2.378761750,1,0
2.378770500,1,1
2.378779250,1,0
2.378796500,1,1
2.378814000,1,0
2.378840000,1,1
2.378848500,1,0
2.378892000,1,1
2.378900750,1,0
2.378909250,1,1
2.378918000,1,0
2.378926750,1,1
2.378944000,1,0
2.378961250,1,1
2.378970000,1,0
2.378978750,1,1
2.378987250,1,0
2.378996000,1,1
2.379004750,1,0
2.379022000,1,1
2.379030750,1,0
2.379048000,1,1
2.379056750,1,0
2.379065500,1,1
2.379074000,1,0
2.379091500,1,1
2.379117500,1,0
2.379134750,1,1
2.379143500,1,0
2.379152250,1,1
2.379160750,1,0
2.379239000,1,1
2.379247500,1,0
2.379273500,1,1
2.379282250,1,0
2.379299500,1,1
2.379308250,1,0
2.379325750,1,1
2.380756750,1,0
2.380765500,1,1
2.380774250,1,0
2.380782750,1,1
2.380800250,1,0
2.380826250,1,1
2.380843500,1,0
2.380852250,1,1
2.380861000,1,0
2.380869500,1,1
2.380878250,1,0
2.380921500,1,1
2.380930250,1,0
2.381008250,1,1
2.381017000,1,0
2.381095000,1,1
2.381103750,1,0
2.381112500,1,1
2.381138500,1,0
2.381147000,1,1
2.381173250,1,0
2.381181750,1,1
2.382795000,1,0
2.382803750,1,1
2.382812500,1,0
2.382821000,1,1
2.382829750,1,0
2.382838500,1,1
2.382847000,1,0
2.382864500,1,1
2.382881750,1,0
2.382951250,1,1
2.382968500,1,0
2.382985750,1,1
2.383011750,1,0
2.383046500,1,1
2.383055250,1,0
2.383064000,1,1
2.383072500,1,0
2.383133250,1,1
2.383142000,1,0
2.383150500,1,1
2.383159250,1,0
2.383168000,1,1
2.383176750,1,0
2.383220000,1,1
2.383584250,1,0
2.383662250,1,1
2.383671000,1,0
2.383723000,1,1
2.402160500,1,0
2.402186500,1,1
2.402195250,1,0
2.402212500,1,1
2.402221250,1,0
2.402230000,1,1
2.402247250,1,0
2.402325250,1,1
2.402334000,1,0
2.402342750,1,1
2.402360000,1,0
2.402394750,1,1
2.402403500,1,0
2.402412000,1,1
2.402420750,1,0
2.402429500,1,1
2.402438000,1,0
2.402481500,1,1
2.402490250,1,0
2.402498750,1,1
2.402507500,1,0
2.402533500,1,1
2.402550750,1,0
2.402568250,1,1
2.402576750,1,0
2.402585500,1,1
2.402594250,1,0
2.402602750,1,1
2.402611500,1,0
2.402629000,1,1
2.402637500,1,0
2.402655000,1,1
2.402663500,1,0
2.402672250,1,1
2.402681000,1,0
2.402698250,1,1
2.402707000,1,0
2.402741500,1,1
2.402750250,1,0
2.402759000,1,1
2.402767750,1,0
2.402845750,1,1
2.402854500,1,0
2.402871750,1,1
2.402880500,1,0
2.402906500,1,1
2.402915000,1,0
2.402932500,1,1
2.402941000,1,0
2.403001750,1,1
2.403010500,1,0
2.403019250,1,1
2.403027750,1,0
2.403105750,1,1
2.403114500,1,0
2.403192500,1,1
2.403591500,1,0
2.403600250,1,1
2.403608750,1,0
2.403617500,1,1
2.403626250,1,0
2.403669500,1,1
2.403678250,1,0
2.403704250,1,1
2.403713000,1,0
2.403756250,1,1
2.403765000,1,0
2.403843000,1,1
2.403851750,1,0
2.403929750,1,1
2.403938500,1,0
2.404016500,1,1
2.404025250,1,0
2.404103250,1,1
2.404111750,1,0
2.404120500,1,1
2.404129250,1,0
2.404137750,1,1
2.404181250,1,0
2.404190000,1,1
2.404198500,1,0
2.404224500,1,1
2.404250750,1,0
2.404268000,1,1
2.404285250,1,0
2.404294000,1,1
2.404302750,1,0
2.404363250,1,1
2.404372000,1,0
2.404450000,1,1
2.404458750,1,0
2.404536750,1,1
2.404545500,1,0
2.404623500,1,1
2.404632250,1,0
2.404710250,1,1
2.404719000,1,0
2.404797000,1,1
2.404805750,1,0
2.404883750,1,1
2.404892500,1,0
2.404901000,1,1
2.404909750,1,0
2.404944500,1,1
2.404961750,1,0
2.404970500,1,1
2.404979000,1,0
2.404987750,1,1
2.404996500,1,0
2.405005000,1,1
2.405013750,1,0
2.405039750,1,1
2.405048500,1,0
2.405057250,1,1
2.405065750,1,0
2.405083250,1,1
2.405100500,1,0
2.405126500,1,1
2.405135250,1,0
2.405143750,1,1
2.406167250,1,0
2.406193250,1,1
2.406219250,1,0
2.406236750,1,1
2.406254000,1,0
2.406271250,1,1
2.406280000,1,0
2.406332000,1,1
2.406340750,1,0
2.406418750,1,1
2.406427500,1,0
2.406505500,1,1
2.406514250,1,0
2.406592250,1,1
2.406601000,1,0
2.406679000,1,1
2.406687500,1,0
2.406765750,1,1
2.406774250,1,0
2.406852250,1,1
2.406861000,1,0
2.406895750,1,1
2.406904500,1,0
2.406921750,1,1
2.406947750,1,0
2.406965000,1,1
2.406973750,1,0
2.407008500,1,1
2.407017250,1,0
2.407025750,1,1
2.407034500,1,0
2.407043250,1,1
2.407060500,1,0
2.407069250,1,1
2.407077750,1,0
2.407086500,1,1
2.408647750,1,0
2.408673750,1,1
2.408699750,1,0
2.408717000,1,1
2.408734500,1,0
2.408743000,1,1
2.408760500,1,0
2.408812500,1,1
2.408821250,1,0
2.408899250,1,1
2.408907750,1,0
2.408986000,1,1
2.408994500,1,0
2.409072750,1,1
2.409081250,1,0
2.409159500,1,1
2.409168000,1,0
2.409246000,1,1
2.409254750,1,0
2.409332750,1,1
2.409341500,1,0
2.409350250,1,1
2.409358750,1,0
2.409393500,1,1
2.409411000,1,0
2.409419500,1,1
2.409428250,1,0
2.409437000,1,1
2.409445500,1,0
2.409454250,1,1
2.409463000,1,0
2.409489000,1,1
2.409497500,1,0
2.409506250,1,1
2.409515000,1,0
2.409541000,1,1
2.409549750,1,0
2.409575750,1,1
2.409584250,1,0
2.409593000,1,1
2.410208750,1,0
2.410234750,1,1
2.410243500,1,0
2.410252250,1,1
2.410260750,1,0
2.410278250,1,1
2.410295500,1,0
2.410321500,1,1
2.410330250,1,0
2.410373500,1,1
2.410382250,1,0
2.410391000,1,1
2.410408250,1,0
2.410443000,1,1
2.410451750,1,0
2.410460250,1,1
2.410469000,1,0
2.410477750,1,1
2.410486250,1,0
2.410529750,1,1
2.410538250,1,0
2.410547000,1,1
2.410555750,1,0
2.410581750,1,1
2.410599000,1,0
2.410616500,1,1
2.410625000,1,0
2.410633750,1,1
2.410642500,1,0
2.410720500,1,1
2.410729250,1,0
2.410737750,1,1
2.410746500,1,0
2.410781250,1,1
2.410790000,1,0
2.410807250,1,1
2.412238250,1,0
2.412264250,1,1
2.412281500,1,0
2.412307500,1,1
2.412325000,1,0
2.412333500,1,1
2.412342250,1,0
2.412351000,1,1
2.412359750,1,0
2.412403000,1,1
2.412411750,1,0
2.412489750,1,1
2.412498500,1,0
2.412576500,1,1
2.412585250,1,0
2.412602500,1,1
2.412619750,1,0
2.412628500,1,1
2.412654500,1,0
2.412663250,1,1
2.414692500,1,0
2.414718500,1,1
2.414727250,1,0
2.414736000,1,1
2.414744750,1,0
2.414762000,1,1
2.414779250,1,0
2.414848750,1,1
2.414866000,1,0
2.414883500,1,1
2.414892000,1,0
2.414944000,1,1
2.414952750,1,0
2.414961500,1,1
2.414970250,1,0
2.415030750,1,1
2.415039500,1,0
2.415048250,1,1
2.415056750,1,0
2.415065500,1,1
2.415074250,1,0
2.415117500,1,1
2.415126250,1,0
2.415204250,1,1
2.415213000,1,0
2.415221500,1,1
2.415230250,1,0
2.415239000,1,1
2.415256250,1,0
2.415265000,1,1
2.434041250,1,0
2.434049750,1,1
2.434067250,1,0
2.434093250,1,1
2.434102000,1,0
2.434110500,1,1
2.434128000,1,0
2.434206000,1,1
2.434214750,1,0
2.434223250,1,1
2.434232000,1,0
2.434275250,1,1
2.434284000,1,0
2.434292750,1,1
2.434301250,1,0
2.434344750,1,1
2.434353250,1,0
2.434362000,1,1
2.434370750,1,0
2.434379500,1,1
2.434388000,1,0
2.434396750,1,1
2.434431500,1,0
2.434448750,1,1
2.434457500,1,0
2.434466000,1,1
2.434474750,1,0
2.434483500,1,1
2.434500750,1,0
2.434518250,1,1
2.434526750,1,0
2.434535500,1,1
2.434544250,1,0
2.434552750,1,1
2.434561500,1,0
2.434639500,1,1
2.434648250,1,0
2.434726250,1,1
2.434735000,1,0
2.434752250,1,1
2.434761000,1,0
2.434787000,1,1
2.434795750,1,0
2.434813000,1,1
2.434821750,1,0
2.434899750,1,1
2.434908500,1,0
2.434986500,1,1
2.434995250,1,0
2.435073250,1,1
2.435082000,1,0
2.435090500,1,1
2.435099250,1,0
2.435108000,1,1
2.435116750,1,0
2.435160000,1,1
2.435168750,1,0
2.435194750,1,1
2.435203250,1,0
2.435246750,1,1
2.435255500,1,0
2.435333500,1,1
2.435342000,1,0
2.435420250,1,1
2.435428750,1,0
2.435506750,1,1
2.435515500,1,0
2.435593500,1,1
2.435602250,1,0
2.435619500,1,1
2.435628250,1,0
2.435645500,1,1
2.435671750,1,0
2.435680250,1,1
2.435992500,1,0
2.436001000,1,1
2.436018500,1,0
2.436027250,1,1
2.436044500,1,0
2.436061750,1,1
2.436079250,1,0
2.436087750,1,1
2.436096500,1,0
2.436157250,1,1
2.436166000,1,0
2.436244000,1,1
2.436252500,1,0
2.436330750,1,1
2.436339250,1,0
2.436365250,1,1
2.436374000,1,0
2.436382750,1,1
2.436400000,1,0
2.436417500,1,1
2.436426000,1,0
2.436434750,1,1
2.436452000,1,0
2.436486750,1,1
2.436512750,1,0
2.436590750,1,1
2.436599500,1,0
2.436677500,1,1
2.436686250,1,0
2.436695000,1,1
2.436712250,1,0
2.436729500,1,1
2.436747000,1,0
2.436764250,1,1
2.436773000,1,0
2.436781750,1,1
2.436799000,1,0
2.436833750,1,1
2.436842250,1,0
2.436851000,1,1
2.436859750,1,0
2.436877000,1,1
2.436885750,1,0
2.436911750,1,1
2.438047750,1,0
2.438056500,1,1
2.438073750,1,0
2.438082500,1,1
2.438099750,1,0
2.438117250,1,1
2.438524750,1,0
2.438542000,1,1
2.438550750,1,0
2.438602750,1,1
2.438611500,1,0
2.438689500,1,1
2.438698250,1,0
2.438776250,1,1
2.438785000,1,0
2.438819750,1,1
2.438828250,1,0
2.438845750,1,1
2.438854250,1,0
2.438863000,1,1
2.438871750,1,0
2.438880250,1,1
2.438897750,1,0
2.438932500,1,1
2.438958500,1,0
2.439036500,1,1
2.439045250,1,0
2.439123250,1,1
2.439132000,1,0
2.439166500,1,1
2.439175250,1,0
2.439192500,1,1
2.439201250,1,0
2.439210000,1,1
2.439218500,1,0
2.439227250,1,1
2.439244500,1,0
2.439279250,1,1
2.439288000,1,0
2.439296500,1,1
2.439305250,1,0
2.439322750,1,1
2.439340000,1,0
2.439357250,1,1
2.440059750,1,0
2.440068500,1,1
2.440085750,1,0
2.440094500,1,1
2.440112000,1,0
2.440129250,1,1
2.440146500,1,0
2.440155250,1,1
2.440172500,1,0
2.440224500,1,1
2.440233250,1,0
2.440311250,1,1
2.440320000,1,0
2.440398000,1,1
2.440406750,1,0
2.440432750,1,1
2.440441500,1,0
2.440450250,1,1
2.440467500,1,0
2.440484750,1,1
2.440493500,1,0
2.440502250,1,1
2.440519500,1,0
2.440554250,1,1
2.440580250,1,0
2.440658250,1,1
2.440667000,1,0
2.440745000,1,1
2.440753750,1,0
2.440762250,1,1
2.440779750,1,0
2.440797000,1,1
2.440814500,1,0
2.440831750,1,1
2.440840500,1,0
2.440849000,1,1
2.440866500,1,0
2.440901000,1,1
2.440909750,1,0
2.440918500,1,1
2.440927250,1,0
2.440979250,1,1
2.442098000,1,0
2.442106500,1,1
2.442124000,1,0
2.442141250,1,1
2.442150000,1,0
2.442167250,1,1
2.442184750,1,0
2.442210750,1,1
2.442219500,1,0
2.442262750,1,1
2.442271500,1,0
2.442297500,1,1
2.442306000,1,0
2.442332000,1,1
2.442340750,1,0
2.442349500,1,1
2.442358250,1,0
2.442366750,1,1
2.442375500,1,0
2.442384250,1,1
2.442392750,1,0
2.442418750,1,1
2.442427500,1,0
2.442436250,1,1
2.442444750,1,0
2.442453500,1,1
2.442479500,1,0
2.442505500,1,1
2.442514250,1,0
2.442523000,1,1
2.442531500,1,0
2.442609500,1,1
2.442618250,1,0
2.442635750,1,1
2.442661750,1,0
2.442670250,1,1
2.442679000,1,0
2.442696250,1,1
2.444127500,1,0
2.444136000,1,1
2.444153500,1,0
2.444162250,1,1
2.444170750,1,0
2.444196750,1,1
2.444214250,1,0
2.444222750,1,1
2.444231500,1,0
2.444240250,1,1
2.444249000,1,0
2.444292250,1,1
2.444301000,1,0
2.444318250,1,1
2.444327000,1,0
2.444344250,1,1
2.444361750,1,0
2.444379000,1,1
2.444387750,1,0
2.444405000,1,1
2.444413750,1,0
2.444431000,1,1
2.444457000,1,0
2.444465750,1,1
2.444474500,1,0
2.444483000,1,1
2.444491750,1,0
2.444517750,1,1
2.444535000,1,0
2.444552500,1,1
2.446174250,1,0
2.446183000,1,1
2.446200250,1,0
2.446217500,1,1
2.446226250,1,0
2.446243500,1,1
2.446261000,1,0
2.446330250,1,1
2.446347750,1,0
2.446356250,1,1
2.446365000,1,0
2.446425750,1,1
2.446434500,1,0
2.446443000,1,1
2.446451750,1,0
2.446512500,1,1
2.446521250,1,0
2.446529750,1,1
2.446547250,1,0
2.446599250,1,1
2.446608000,1,0
2.446686000,1,1
2.446694750,1,0
2.446703250,1,1
2.446738000,1,0
2.446746750,1,1
2.465930000,1,0
2.465947250,1,1
2.465956000,1,0
2.465982000,1,1
2.465990750,1,0
2.465999250,1,1
2.466016750,1,0
2.466094750,1,1
2.466103250,1,0
2.466146750,1,1
2.466155500,1,0
2.466164000,1,1
2.466172750,1,0
2.466181500,1,1
2.466190000,1,0
2.466198750,1,1
2.466233500,1,0
2.466250750,1,1
2.466259500,1,0
2.466268000,1,1
2.466276750,1,0
2.466285500,1,1
2.466302750,1,0
2.466320250,1,1
2.466328750,1,0
2.466337500,1,1
2.466346250,1,0
2.466354750,1,1
2.466363500,1,0
2.466441500,1,1
2.466450250,1,0
2.466528250,1,1
2.466537000,1,0
2.466615000,1,1
2.466623750,1,0
2.466649750,1,1
2.466658500,1,0
2.466675750,1,1
2.466684500,1,0
2.466701750,1,1
2.466710500,1,0
2.466788500,1,1
2.466797250,1,0
2.466875250,1,1
2.466884000,1,0
2.466962000,1,1
2.466970750,1,0
2.466979250,1,1
2.466988000,1,0
2.466996750,1,1
2.467005250,1,0
2.467048750,1,1
2.467057250,1,0
2.467083250,1,1
2.467092000,1,0
2.467135500,1,1
2.467144000,1,0
2.467222000,1,1
2.467230750,1,0
2.467308750,1,1
2.467317500,1,0
2.467395500,1,1
2.467404250,1,0
2.467482250,1,1
2.467491000,1,0
2.467517000,1,1
2.467525750,1,0
2.467534250,1,1
2.467551750,1,0
2.467569000,1,1
2.467881250,1,0
2.467898500,1,1
2.467907250,1,0
2.467916000,1,1
2.467933250,1,0
2.467950500,1,1
2.467968000,1,0
2.467976500,1,1
2.467985250,1,0
2.468046000,1,1
2.468054750,1,0
2.468132750,1,1
2.468453500,1,0
2.468531500,1,1
2.468540250,1,0
2.468566250,1,1
2.468575000,1,0
2.468583750,1,1
2.468601000,1,0
2.468609750,1,1
2.468627000,1,0
2.468635750,1,1
2.468653000,1,0
2.468687750,1,1
2.468713750,1,0
2.468791750,1,1
2.468800500,1,0
2.468878500,1,1
2.468887250,1,0
2.468913250,1,1
2.468922000,1,0
2.468930500,1,1
2.468948000,1,0
2.468956500,1,1
2.468974000,1,0
2.468982500,1,1
2.469000000,1,0
2.469034500,1,1
2.469043250,1,0
2.469052000,1,1
2.469060750,1,0
2.469086750,1,1
2.469095250,1,0
2.469112750,1,1
2.469919250,1,0
2.469936500,1,1
2.469945250,1,0
2.469953750,1,1
2.469971250,1,0
2.469988500,1,1
2.470006000,1,0
2.470023250,1,1
2.470032000,1,0
2.470084000,1,1
2.470092750,1,0
2.470170750,1,1
2.470179250,1,0
2.470257500,1,1
2.470266000,1,0
2.470300750,1,1
2.470309500,1,0
2.470326750,1,1
2.470352750,1,0
2.470370250,1,1
2.470378750,1,0
2.470413500,1,1
2.470439500,1,0
2.470517500,1,1
2.470526250,1,0
2.470604250,1,1
2.470613000,1,0
2.470647750,1,1
2.470656500,1,0
2.470673750,1,1
2.470699750,1,0
2.470717000,1,1
2.470725750,1,0
2.470760500,1,1
2.470769000,1,0
2.470777750,1,1
2.470786500,1,0
2.470795000,1,1
2.470821250,1,0
2.470838500,1,1
2.471965750,1,0
2.471983250,1,1
2.471991750,1,0
2.472000500,1,1
2.472018000,1,0
2.472035250,1,1
2.472052500,1,0
2.472061250,1,1
2.472078500,1,0
2.472130500,1,1
2.472139250,1,0
2.472217250,1,1
2.472226000,1,0
2.472304000,1,1
2.472312750,1,0
2.472338750,1,1
2.472347500,1,0
2.472356000,1,1
2.472373500,1,0
2.472382000,1,1
2.472399500,1,0
2.472408000,1,1
2.472425500,1,0
2.472460250,1,1
2.472486250,1,0
2.472564250,1,1
2.472573000,1,0
2.472651000,1,1
2.472659500,1,0
2.472685500,1,1
2.472694250,1,0
2.472703000,1,1
2.472720250,1,0
2.472729000,1,1
2.472746250,1,0
2.472755000,1,1
2.472772250,1,0
2.472807000,1,1
2.472815750,1,0
2.472824250,1,1
2.472833000,1,0
2.472850500,1,1
2.472867750,1,0
2.472885000,1,1
2.474012500,1,0
2.474030000,1,1
2.474038750,1,0
2.474056000,1,1
2.474064750,1,0
2.474082000,1,1
2.474099250,1,0
2.474125250,1,1
2.474134000,1,0
2.474177500,1,1
2.474186000,1,0
2.474212000,1,1
2.474220750,1,0
2.474246750,1,1
2.474255500,1,0
2.474264000,1,1
2.474272750,1,0
2.474281500,1,1
2.474290250,1,0
2.474298750,1,1
2.474307500,1,0
2.474333500,1,1
2.474342250,1,0
2.474350750,1,1
2.474359500,1,0
2.474368250,1,1
2.474394250,1,0
2.474420250,1,1
2.474429000,1,0
2.474437500,1,1
2.474446250,1,0
2.474524250,1,1
2.474533000,1,0
2.474541750,1,1
2.474576250,1,0
2.474585000,1,1
2.474593750,1,0
2.474611000,1,1
2.476033500,1,0
2.476050750,1,1
2.476059500,1,0
2.476068250,1,1
2.476076750,1,0
2.476102750,1,1
2.476120250,1,0
2.476129000,1,1
2.476137500,1,0
2.476146250,1,1
2.476155000,1,0
2.476198250,1,1
2.476207000,1,0
2.476241750,1,1
2.476250250,1,0
2.476259000,1,1
2.476267750,1,0
2.476285000,1,1
2.476293750,1,0
2.476328250,1,1
2.476337000,1,0
2.476345750,1,1
2.476363000,1,0
2.476371750,1,1
2.476380500,1,0
2.476423750,1,1
2.476441250,1,0
2.476458500,1,1
2.478566250,1,0
2.478583500,1,1
2.478592250,1,0
2.478609500,1,1
2.478618250,1,0
2.478635500,1,1
2.478653000,1,0
2.478722250,1,1
2.478739750,1,0
2.478748250,1,1
2.478757000,1,0
2.478817750,1,1
2.478826500,1,0
2.478843750,1,1
2.478852500,1,0
2.478904500,1,1
2.478913250,1,0
2.478921750,1,1
2.478939250,1,0
2.478947750,1,1
2.478956500,1,0
2.478991250,1,1
2.479000000,1,0
2.479078000,1,1
2.479086500,1,0
2.479095250,1,1
2.479104000,1,0
2.479112500,1,1
2.479121250,1,0
2.479138500,1,1
2.497961000,1,0
2.497969750,1,1
2.497978500,1,0
2.498013000,1,1
2.498021750,1,0
2.498030500,1,1
2.498368750,1,0
2.498446750,1,1
2.498455500,1,0
2.498464250,1,1
2.498481500,1,0
2.498499000,1,1
2.498507500,1,0
2.498516250,1,1
2.498525000,1,0
2.498533500,1,1
2.498542250,1,0
2.498585750,1,1
2.498594250,1,0
2.498603000,1,1
2.498611750,1,0
2.498620250,1,1
2.498629000,1,0
2.498637750,1,1
2.498646500,1,0
2.498655000,1,1
2.498663750,1,0
2.498689750,1,1
2.498698500,1,0
2.498707000,1,1
2.498715750,1,0
2.498724500,1,1
2.498733250,1,0
2.498741750,1,1
2.498750500,1,0
2.498776500,1,1
2.498785250,1,0
2.498793750,1,1
2.498802500,1,0
2.498828500,1,1
2.498837250,1,0
2.498863250,1,1
2.498872000,1,0
2.498880500,1,1
2.498889250,1,0
2.498967250,1,1
2.498976000,1,0
2.498984750,1,1
2.498993500,1,0
2.499028000,1,1
2.499036750,1,0
2.499054000,1,1
2.499062750,1,0
2.499140750,1,1
2.499149500,1,0
2.499227500,1,1
2.499236250,1,0
2.499314250,1,1
2.499323000,1,0
2.499331750,1,1
2.499340500,1,0
2.499349000,1,1
2.499357750,1,0
2.499401000,1,1
2.499409750,1,0
2.499435750,1,1
2.499444500,1,0
2.499487750,1,1
2.499496500,1,0
2.499574500,1,1
2.499583250,1,0
2.499661250,1,1
2.499670000,1,0
2.499748000,1,1
2.499756750,1,0
2.499834750,1,1
2.499843500,1,0
2.499852000,1,1
2.499860750,1,0
2.499878250,1,1
2.499904250,1,0
2.499921500,1,1
2.499930250,1,0
2.499938750,1,1
2.499947500,1,0
2.499965000,1,1
2.499982250,1,0
2.499999500,1,1
2.500017000,1,0
2.500025500,1,1
2.500034250,1,0
2.500095000,1,1
2.500103750,1,0
2.500181750,1,1
2.500190500,1,0
2.500268500,1,1
2.500277250,1,0
2.500311750,1,1
2.500320500,1,0
2.500337750,1,1
2.500364000,1,0
2.500381250,1,1
2.500390000,1,0
2.500424500,1,1
2.500450750,1,0
2.500528750,1,1
2.500537500,1,0
2.500615500,1,1
2.500624250,1,0
2.500658750,1,1
2.500667500,1,0
2.500685000,1,1
2.500711000,1,0
2.500728250,1,1
2.500737000,1,0
2.500771750,1,1
2.500780250,1,0
2.500789000,1,1
2.500797750,1,0
2.500806250,1,1
2.500832500,1,0
2.500849750,1,1
2.501960000,1,0
2.501968750,1,1
2.501977500,1,0
2.501994750,1,1
2.502012250,1,0
2.502029500,1,1
2.502046750,1,0
2.502064250,1,1
2.502073000,1,0
2.502125000,1,1
2.502133500,1,0
2.502211750,1,1
2.502220250,1,0
2.502298500,1,1
2.502307000,1,0
2.502341750,1,1
2.502350500,1,0
2.502367750,1,1
2.502394000,1,0
2.502411250,1,1
2.502420000,1,0
2.502454500,1,1
2.502480750,1,0
2.502558750,1,1
2.502567500,1,0
2.502645500,1,1
2.502654250,1,0
2.502688750,1,1
2.502697500,1,0
2.502714750,1,1
2.502741000,1,0
2.502758250,1,1
2.502767000,1,0
2.502801500,1,1
2.502810250,1,0
2.502819000,1,1
2.502827750,1,0
2.502853750,1,1
2.502862250,1,0
2.502879750,1,1
2.503998750,1,0
2.504007500,1,1
2.504016000,1,0
2.504033500,1,1
2.504050750,1,0
2.504068250,1,1
2.504085500,1,0
2.504094250,1,1
2.504111500,1,0
2.504163500,1,1
2.504172250,1,0
2.504250250,1,1
2.504259000,1,0
2.504337000,1,1
2.504345750,1,0
2.504380500,1,1
2.504389000,1,0
2.504406500,1,1
2.504432500,1,0
2.504449750,1,1
2.504458500,1,0
2.504493250,1,1
2.504519250,1,0
2.504597250,1,1
2.504606000,1,0
2.504684000,1,1
2.504692750,1,0
2.504727250,1,1
2.504736000,1,0
2.504753500,1,1
2.504779500,1,0
2.504796750,1,1
2.504805500,1,0
2.504840250,1,1
2.504848750,1,0
2.504857500,1,1
2.504866250,1,0
2.504874750,1,1
2.504883500,1,0
2.504892250,1,1
2.504900750,1,0
2.504918250,1,1
2.506046000,1,0
2.506054500,1,1
2.506063250,1,0
2.506089250,1,1
2.506098000,1,0
2.506115250,1,1
2.506132750,1,0
2.506158750,1,1
2.506167500,1,0
2.506210750,1,1
2.506219500,1,0
2.506262750,1,1
2.506271500,1,0
2.506280250,1,1
2.506288750,1,0
2.506297500,1,1
2.506306250,1,0
2.506314750,1,1
2.506332250,1,0
2.506367000,1,1
2.506375500,1,0
2.506384250,1,1
2.506393000,1,0
2.506419000,1,1
2.506427500,1,0
2.506436250,1,1
2.506445000,1,0
2.506453750,1,1
2.506462250,1,0
2.506471000,1,1
2.506479750,1,0
2.506557750,1,1
2.506566500,1,0
2.506575000,1,1
2.506583750,1,0
2.506592500,1,1
2.506609750,1,0
2.506618500,1,1
2.506627000,1,0
2.506644500,1,1
2.508414000,1,0
2.508422500,1,1
2.508431250,1,0
2.508448750,1,1
2.508457250,1,0
2.508483250,1,1
2.508500750,1,0
2.508509250,1,1
2.508518000,1,0
2.508526750,1,1
2.508535500,1,0
2.508578750,1,1
2.508587500,1,0
2.508630750,1,1
2.508648250,1,0
2.508665500,1,1
2.508674250,1,0
2.508717500,1,1
2.508743500,1,0
2.508752250,1,1
2.508761000,1,0
2.508769500,1,1
2.508787000,1,0
2.508804250,1,1
2.508821750,1,0
2.508839000,1,1
2.510452250,1,0
2.510461000,1,1
2.510469500,1,0
2.510495500,1,1
2.510504250,1,0
2.510521750,1,1
2.510539000,1,0
2.510608500,1,1
2.510625750,1,0
2.510634500,1,1
2.510643000,1,0
2.510703750,1,1
2.510712500,1,0
2.510790500,1,1
2.510799250,1,0
2.510825250,1,1
2.510834000,1,0
2.510877250,1,1
2.510886000,1,0
2.510964000,1,1
2.510972750,1,0
2.510981500,1,1
2.510998750,1,0
2.511007500,1,1
2.511016000,1,0
2.511024750,1,1
2.529829000,1,0
2.529881000,1,1
2.529889750,1,0
2.529898500,1,1
2.529915750,1,0
2.529993750,1,1
2.530002500,1,0
2.530045750,1,1
2.530054500,1,0
2.530063250,1,1
2.530072000,1,0
2.530080500,1,1
2.530089250,1,0
2.530098000,1,1
2.530132500,1,0
2.530150000,1,1
2.530158750,1,0
2.530167250,1,1
2.530176000,1,0
2.530184500,1,1
2.530210750,1,0
2.530219250,1,1
2.530228000,1,0
2.530236750,1,1
2.530245250,1,0
2.530254000,1,1
2.530262750,1,0
2.530271250,1,1
2.530280000,1,0
2.530288750,1,1
2.530297500,1,0
2.530323500,1,1
2.530332000,1,0
2.530340750,1,1
2.530349500,1,0
2.530366750,1,1
2.530375500,1,0
2.530392750,1,1
2.530401500,1,0
2.530410250,1,1
2.530418750,1,0
2.530427500,1,1
2.530436250,1,0
2.530514250,1,1
2.530523000,1,0
2.530566250,1,1
2.530583750,1,0
2.530601000,1,1
2.530609750,1,0
2.530687750,1,1
2.530696500,1,0
2.530774500,1,1
2.530783250,1,0
2.530861250,1,1
2.530869750,1,0
2.530878500,1,1
2.530887250,1,0
2.530895750,1,1
2.530904500,1,0
2.530948000,1,1
2.530956500,1,0
2.530982500,1,1
2.530991250,1,0
2.531034750,1,1
2.531043250,1,0
2.531121500,1,1
2.531130000,1,0
2.531208250,1,1
2.531216750,1,0
2.531295000,1,1
2.531303500,1,0
2.531381500,1,1
2.531390250,1,0
2.531399000,1,1
2.531407750,1,0
2.531433750,1,1
2.531451000,1,0
2.531468250,1,1
2.531780750,1,0
2.531815250,1,1
2.531832750,1,0
2.531850000,1,1
2.531867500,1,0
2.531876000,1,1
2.531884750,1,0
2.531945500,1,1
2.531954250,1,0
2.532032250,1,1
2.532041000,1,0
2.532119000,1,1
2.532127750,1,0
2.532162250,1,1
2.532171000,1,0
2.532188250,1,1
2.532214500,1,0
2.532231750,1,1
2.532240500,1,0
2.532275000,1,1
2.532301000,1,0
2.532379250,1,1
2.532387750,1,0
2.532466000,1,1
2.532474500,1,0
2.532509250,1,1
2.532518000,1,0
2.532535250,1,1
2.532561500,1,0
2.532578750,1,1
2.532587500,1,0
2.532622000,1,1
2.532630750,1,0
2.532639500,1,1
2.532648250,1,0
2.532665500,1,1
2.532682750,1,0
2.532700250,1,1
2.533827750,1,0
2.533862250,1,1
2.533879750,1,0
2.533897000,1,1
2.533914500,1,0
2.533931750,1,1
2.533940500,1,0
2.533992500,1,1
2.534001250,1,0
2.534079250,1,1
2.534087750,1,0
2.534166000,1,1
2.534174500,1,0
2.534209250,1,1
2.534218000,1,0
2.534235250,1,1
2.534261250,1,0
2.534278750,1,1
2.534287250,1,0
2.534322000,1,1
2.534348000,1,0
2.534426000,1,1
2.534434750,1,0
2.534512750,1,1
2.534521500,1,0
2.534556250,1,1
2.534565000,1,0
2.534582250,1,1
2.534608250,1,0
2.534625500,1,1
2.534634250,1,0
2.534669000,1,1
2.534677750,1,0
2.534686250,1,1
2.534695000,1,0
2.534703750,1,1
2.534712250,1,0
2.534721000,1,1
2.534729750,1,0
2.534747000,1,1
2.535874750,1,0
2.535909500,1,1
2.535926750,1,0
2.535944000,1,1
2.535961500,1,0
2.535970000,1,1
2.535987500,1,0
2.536039500,1,1
2.536048250,1,0
2.536126250,1,1
2.536135000,1,0
2.536213000,1,1
2.536221750,1,0
2.536256500,1,1
2.536265000,1,0
2.536282500,1,1
2.536308500,1,0
2.536325750,1,1
2.536334500,1,0
2.536369250,1,1
2.536395250,1,0
2.536473250,1,1
2.536482000,1,0
2.536560000,1,1
2.536568750,1,0
2.536603250,1,1
2.536612000,1,0
2.536629500,1,1
2.536655500,1,0
2.536672750,1,1
2.536681500,1,0
2.536716250,1,1
2.536724750,1,0
2.536733500,1,1
2.536742250,1,0
2.536768250,1,1
2.536777000,1,0
2.536794250,1,1
2.537939250,1,0
2.537982750,1,1
2.537991250,1,0
2.538008750,1,1
2.538347000,1,0
2.538373000,1,1
2.538381750,1,0
2.538425000,1,1
2.538433750,1,0
2.538477000,1,1
2.538485750,1,0
2.538494500,1,1
2.538503000,1,0
2.538511750,1,1
2.538520500,1,0
2.538529000,1,1
2.538546500,1,0
2.538581000,1,1
2.538589750,1,0
2.538598500,1,1
2.538607250,1,0
2.538633250,1,1
2.538641750,1,0
2.538650500,1,1
2.538659250,1,0
2.538667750,1,1
2.538676500,1,0
2.538685250,1,1
2.538694000,1,0
2.538772000,1,1
2.538780750,1,0
2.538806750,1,1
2.538824000,1,0
2.538832750,1,1
2.538841250,1,0
2.538858750,1,1
2.539943000,1,0
2.539977750,1,1
2.539986250,1,0
2.540012250,1,1
2.540029750,1,0
2.540038250,1,1
2.540047000,1,0
2.540055750,1,1
2.540064500,1,0
2.540107750,1,1
2.540116500,1,0
2.540194500,1,1
2.540203250,1,0
2.540246500,1,1
2.540255250,1,0
2.540263750,1,1
2.540272500,1,0
2.540281250,1,1
2.540290000,1,0
2.540307250,1,1
2.540316000,1,0
2.540342000,1,1
2.540350500,1,0
2.540368000,1,1
2.541981250,1,0
2.542024750,1,1
2.542033500,1,0
2.542050750,1,1
2.542068000,1,0
2.542137500,1,1
2.542154750,1,0
2.542163500,1,1
2.542172250,1,0
2.542233000,1,1
2.542241500,1,0
2.542319750,1,1
2.542328250,1,0
2.542354250,1,1
2.542363000,1,0
2.542406500,1,1
2.542415000,1,0
2.542493250,1,1
2.542501750,1,0
2.542519250,1,1
2.542527750,1,0
2.542536500,1,1
2.542545250,1,0
2.542553750,1,1
2.544340750,1,0
2.544375250,1,1
2.544384000,1,0
2.544410000,1,1
2.544427500,1,0
2.544444750,1,1
2.544462000,1,0
2.544505500,1,1
2.544514250,1,0
2.544531500,1,1
2.544557500,1,0
2.544592250,1,1
2.544601000,1,0
2.544679000,1,1
2.544687500,1,0
2.544696250,1,1
2.544757000,1,0
2.544765750,1,1
2.565688000,1,0
2.565740000,1,1
2.565748750,1,0
2.565757250,1,1
2.565774750,1,0
2.565809500,1,1
2.565818000,1,0
2.565852750,1,1
2.565861500,1,0
2.565939500,1,1
2.565948250,1,0
2.565982750,1,1
2.566017500,1,0
2.566026250,1,1
2.566035000,1,0
2.566113000,1,1
2.566121750,1,0
2.566147750,1,1
2.566165000,1,0
2.566173750,1,1
2.566182500,1,0
2.566199750,1,1
2.566208500,1,0
2.566225750,1,1
2.566251750,1,0
2.566286500,1,1
2.566295250,1,0
2.566303750,1,1
2.566329750,1,0
2.566355750,1,1
2.566364500,1,0
2.566373250,1,1
2.566382000,1,0
2.566390500,1,1
2.566399250,1,0
2.566416500,1,1
2.566442500,1,0
2.566460000,1,1
2.566468500,1,0
2.566486000,1,1
2.566494750,1,0
2.566512000,1,1
2.566529250,1,0
2.566546750,1,1
2.566555250,1,0
2.566598750,1,1
2.566616000,1,0
2.566633250,1,1
2.566642000,1,0
2.566668000,1,1
2.566676750,1,0
2.566685500,1,1
2.566702750,1,0
2.566720000,1,1
2.566728750,1,0
2.566737500,1,1
2.566746250,1,0
2.566754750,1,1
2.566763500,1,0
2.566772250,1,1
2.566789500,1,0
2.566806750,1,1
2.566815500,1,0
2.566824250,1,1
2.566832750,1,0
2.566841500,1,1
2.566850250,1,0
2.566858750,1,1
2.566876250,1,0
2.566893500,1,1
2.566902250,1,0
2.566980250,1,1
2.566989000,1,0
2.567067000,1,1
2.567075750,1,0
2.567153750,1,1
2.567162500,1,0
2.567240500,1,1
2.567249250,1,0
2.567257750,1,1
2.567266500,1,0
2.567275250,1,1
2.567284000,1,0
2.567310000,1,1
2.567318500,1,0
2.567327250,1,1
2.567700250,1,0
2.567752250,1,1
2.567761000,1,0
2.567769500,1,1
2.567787000,1,0
2.567795500,1,1
2.567804250,1,0
2.567821750,1,1
2.567830250,1,0
2.567865000,1,1
2.567873750,1,0
2.567908500,1,1
2.567934500,1,0
2.567943000,1,1
2.568246750,1,0
2.568255250,1,1
2.568272750,1,0
2.568281250,1,1
2.568290000,1,0
2.568324750,1,1
2.568333500,1,0
2.568411500,1,1
2.568420250,1,0
2.568498250,1,1
2.568507000,1,0
2.568533000,1,1
2.568541500,1,0
2.568559000,1,1
2.568576250,1,0
2.568585000,1,1
2.568593750,1,0
2.568671750,1,1
2.568680500,1,0
2.568758500,1,1
2.568767000,1,0
2.568845250,1,1
2.568853750,1,0
2.568888500,1,1
2.568897250,1,0
2.568905750,1,1
2.568914500,1,0
2.568932000,1,1
2.568940500,1,0
2.568949250,1,1
2.568966500,1,0
2.568992500,1,1
2.569001250,1,0
2.569018750,1,1
2.569027250,1,0
2.569105250,1,1
2.569114000,1,0
2.569192000,1,1
2.569200750,1,0
2.569235500,1,1
2.569261500,1,0
2.569279000,1,1
2.569287500,1,0
2.569313500,1,1
2.569322250,1,0
2.569365500,1,1
2.569374250,1,0
2.569452250,1,1
2.569461000,1,0
2.569539000,1,1
2.569547750,1,0
2.569565000,1,1
2.569582500,1,0
2.569591000,1,1
2.569608500,1,0
2.569617000,1,1
2.569747250,1,0
2.569799250,1,1
2.569808000,1,0
2.569816500,1,1
2.569834000,1,0
2.569851250,1,1
2.569860000,1,0
2.569868750,1,1
2.569877250,1,0
2.569912000,1,1
2.569920750,1,0
2.569972750,1,1
2.570007500,1,0
2.570024750,1,1
2.570050750,1,0
2.570059500,1,1
2.570068250,1,0
2.570085500,1,1
2.570094250,1,0
2.570172250,1,1
2.570181000,1,0
2.570259000,1,1
2.570267750,1,0
2.570302250,1,1
2.570311000,1,0
2.570319750,1,1
2.570354500,1,0
2.570363000,1,1
2.570380500,1,0
2.570432500,1,1
2.570441250,1,0
2.570519250,1,1
2.570528000,1,0
2.570606000,1,1
2.570614750,1,0
2.570684000,1,1
2.570701500,1,0
2.570736000,1,1
2.570762000,1,0
2.570779500,1,1
2.570788000,1,0
2.570796750,1,1
2.570805500,1,0
2.570866250,1,1
2.570874750,1,0
2.570953000,1,1
2.570961500,1,0
2.571039750,1,1
2.571048250,1,0
2.571126500,1,1
2.571135000,1,0
2.571213250,1,1
2.571221750,1,0
2.571300000,1,1
2.571308500,1,0
2.571317250,1,1
2.571326000,1,0
2.571343250,1,1
2.571352000,1,0
2.571369250,1,1
2.571742250,1,0
2.571777000,1,1
2.571794250,1,0
2.571811750,1,1
2.571829000,1,0
2.571837750,1,1
2.571855000,1,0
2.571863750,1,1
2.571872500,1,0
2.571907000,1,1
2.571915750,1,0
2.571993750,1,1
2.572002500,1,0
2.572080500,1,1
2.572089250,1,0
2.572167250,1,1
2.572176000,1,0
2.572254000,1,1
2.572262750,1,0
2.572340750,1,1
2.572349500,1,0
2.572427500,1,1
2.572436250,1,0
2.572514250,1,1
2.572523000,1,0
2.572601000,1,1
2.572609750,1,0
2.572635750,1,1
2.572653000,1,0
2.572661750,1,1
2.572679000,1,0
2.572687750,1,1
2.573772250,1,0
2.573815500,1,1
2.573824250,1,0
2.573841500,1,1
2.573859000,1,0
2.573885000,1,1
2.573902250,1,0
2.573937000,1,1
2.573945750,1,0
2.574023750,1,1
2.574032500,1,0
2.574110500,1,1
2.574119250,1,0
2.574197250,1,1
2.574206000,1,0
2.574284000,1,1
2.574292750,1,0
2.574301250,1,1
2.574318750,1,0
2.574344750,1,1
2.574362000,1,0
2.574370750,1,1
2.574379500,1,0
2.574405500,1,1
2.574414000,1,0
2.574457500,1,1
2.574493000,0,1
2.574519000,1,1
2.574527750,0,1
2.574571250,1,1
2.584102000,0,1
2.584110750,1,1
2.584128000,0,1
2.584162750,1,1
2.584171500,0,1
2.584180250,1,1
2.584189000,0,1
2.584215000,1,1
2.584223750,0,1
2.584267000,1,1
2.584275750,0,1
2.584310500,1,1
2.584336500,0,1
2.584345250,1,1
2.584918500,1,0
2.584944500,1,1
2.584953250,1,0
2.584979250,1,1
2.584987750,1,0
2.584996500,1,1
2.585005250,1,0
2.585083250,1,1
2.585092000,1,0
2.585092500,0,0
2.585100500,0,1
2.585110000,1,1
2.585118000,1,0
2.585118500,0,0
2.585126750,0,1
2.585152750,0,0
2.585161250,0,1
2.585170750,1,1
2.586028750,1,0
2.586054750,1,1
2.586063500,1,0
2.586072250,1,1
2.586080750,1,0
2.586089500,1,1
2.586115500,1,0
2.586124250,1,1
2.586132750,1,0
2.586150250,1,1
2.586159000,1,0
2.586167500,1,1
2.586185000,1,0
2.586193500,1,1
2.586202250,1,0
2.586211000,1,1
2.586228250,1,0
2.586280250,1,1
2.586289000,1,0
2.586315000,1,1
2.586349750,1,0
2.586358500,1,1
2.586375750,1,0
2.586384500,1,1
2.586401750,1,0
2.586410500,1,1
2.586419000,1,0
2.586453750,1,1
2.586462500,1,0
2.586479750,1,1
2.586497250,1,0
2.586505750,1,1
2.588362000,1,0
2.588388000,1,1
2.588396750,1,0
2.588405500,1,1
2.588414250,1,0
2.588422750,1,1
2.588448750,1,0
2.588457500,1,1
2.588466250,1,0
2.588483500,1,1
2.588492250,1,0
2.588501000,1,1
2.588518250,1,0
2.588527000,1,1
2.588535500,1,0
2.588544250,1,1
2.588561500,1,0
2.588613750,1,1
2.588622250,1,0
2.588648250,1,1
2.588683000,1,0
2.588691750,1,1
2.588709000,1,0
2.588717750,1,1
2.588735000,1,0
2.588743750,1,1
2.588752500,1,0
2.588787000,1,1
2.588795750,1,0
2.588813250,1,1
2.588830500,1,0
2.588839250,1,1
2.593436000,1,0
2.593462000,1,1
2.593470500,1,0
2.593479250,1,1
2.593488000,1,0
2.593496500,1,1
2.593522500,1,0
2.593531250,1,1
2.593540000,1,0
2.593557250,1,1
2.593566000,1,0
2.593574750,1,1
2.593592000,1,0
2.593600750,1,1
2.593609250,1,0
2.593618000,1,1
2.593635500,1,0
2.593687500,1,1
2.593696000,1,0
2.593722000,1,1
2.593756750,1,0
2.593765500,1,1
2.593782750,1,0
2.593791500,1,1
2.593808750,1,0
2.593817500,1,1
2.593826250,1,0
2.593861000,1,1
2.593869500,1,0
2.593887000,1,1
2.593904250,1,0
2.593913000,1,1
2.598519250,1,0
2.598545250,1,1
2.598553750,1,0
2.598562500,1,1
2.598571250,1,0
2.598579750,1,1
2.598606000,1,0
2.598614500,1,1
2.598623250,1,0
2.598640500,1,1
2.598649250,1,0
2.598658000,1,1
2.598675250,1,0
2.598684000,1,1
2.598692750,1,0
2.598701250,1,1
2.598718750,1,0
2.598770750,1,1
2.598779500,1,0
2.598805500,1,1
2.598840000,1,0
2.598848750,1,1
2.598866250,1,0
2.598874750,1,1
2.598892250,1,0
2.598900750,1,1
2.598909500,1,0
2.598944250,1,1
2.598953000,1,0
2.598970250,1,1
2.598987500,1,0
2.598996250,1,1
2.603593500,1,0
2.603619500,1,1
2.603628000,1,0
2.603636750,1,1
2.603645500,1,0
2.603654000,1,1
2.603680250,1,0
2.603688750,1,1
2.603697500,1,0
2.603714750,1,1
2.603723500,1,0
2.603732250,1,1
2.603749500,1,0
2.603758250,1,1
2.603767000,1,0
2.603775500,1,1
2.603793000,1,0
2.603845000,1,1
2.603853750,1,0
2.603879750,1,1
2.603914250,1,0
2.603923000,1,1
2.603940500,1,0
2.603949000,1,1
2.603966500,1,0
2.603975000,1,1
2.603983750,1,0
2.604018500,1,1
2.604027000,1,0
2.604044500,1,1
2.604061750,1,0
2.604070500,1,1
2.608667500,1,0
2.608693500,1,1
2.608702250,1,0
2.608711000,1,1
2.608719750,1,0
2.608728250,1,1
2.608754250,1,0
2.608763000,1,1
2.608771750,1,0
2.608789000,1,1
2.608797750,1,0
2.608806250,1,1
2.608823750,1,0
2.608832500,1,1
2.608841000,1,0
2.608849750,1,1
2.608867000,1,0
2.608919000,1,1
2.608927750,1,0
2.608953750,1,1
2.608988500,1,0
2.608997250,1,1
2.609014500,1,0
2.609023250,1,1
2.609040500,1,0
2.609049250,1,1
2.609058000,1,0
2.609092500,1,1
2.609101250,1,0
2.609118500,1,1
2.609136000,1,0
2.609144750,1,1
2.613759000,1,0
2.613785000,1,1
2.613793500,1,0
2.613802250,1,1
2.613811000,1,0
2.613819500,1,1
2.613845500,1,0
2.613880250,1,1
2.613889000,1,0
2.613897500,1,1
2.613915000,1,0
2.613923750,1,1
2.613932250,1,0
2.613941000,1,1
2.613958250,1,0
2.614010250,1,1
2.614019000,1,0
2.614027750,1,1
2.614053750,1,0
2.614062500,1,1
2.614079750,1,0
2.614088500,1,1
2.614105750,1,0
2.614114500,1,1
2.614131750,1,0
2.614140500,1,1
2.614149250,1,0
2.614183750,1,1
2.614192500,1,0
2.614218500,1,1
2.618833000,1,0
2.618859000,1,1
2.618867750,1,0
2.618876250,1,1
2.618885000,1,0
2.618893750,1,1
2.618919750,1,0
2.618954250,1,1
2.618963000,1,0
2.618971750,1,1
2.618989000,1,0
2.618997750,1,1
2.619006500,1,0
2.619015000,1,1
2.619032500,1,0
2.619084500,1,1
2.619093250,1,0
2.619101750,1,1
2.619127750,1,0
2.619136500,1,1
2.619154000,1,0
2.619162500,1,1
2.619180000,1,0
2.619188500,1,1
2.619206000,1,0
2.619214500,1,1
2.619223250,1,0
2.619258000,1,1
2.619266750,1,0
2.619292750,1,1
2.623299750,1,0
2.623325750,1,1
2.623334500,1,0
2.623343000,1,1
2.623351750,1,0
2.623360500,1,1
2.623386500,1,0
2.623395000,1,1
2.623403750,1,0
2.623421000,1,1
2.623429750,1,0
2.623438500,1,1
2.623455750,1,0
2.623464500,1,1
2.623473250,1,0
2.623481750,1,1
2.623499250,1,0
2.623551250,1,1
2.623560000,1,0
2.623586000,1,1
2.623620750,1,0
2.623629250,1,1
2.623646750,1,0
2.623655250,1,1
2.623672750,1,0
2.623681250,1,1
2.623690000,1,0
2.623724750,1,1
2.623733250,1,0
2.623750750,1,1
2.623768000,1,0
2.623776750,1,1
2.628322000,1,0
2.628348000,1,1
2.628356750,1,0
2.628365250,1,1
2.628374000,1,0
2.628382750,1,1
2.628408750,1,0
2.628443250,1,1
2.628452000,1,0
2.628460750,1,1
2.628478000,1,0
2.628486750,1,1
2.628495500,1,0
2.628504000,1,1
2.628521500,1,0
2.628573500,1,1
2.628582250,1,0
2.628590750,1,1
2.628616750,1,0
2.628625500,1,1
2.628643000,1,0
2.628651500,1,1
2.628669000,1,0
2.628677500,1,1
2.628695000,1,0
2.628703500,1,1
2.628712250,1,0
2.628747000,1,1
2.628755750,1,0
2.628781750,1,1
2.633396250,1,0
2.633422250,1,1
2.633431000,1,0
2.633439750,1,1
2.633448250,1,0
2.633457000,1,1
2.633483000,1,0
2.633517750,1,1
2.633526500,1,0
2.633535000,1,1
2.633552500,1,0
2.633561000,1,1
2.633569750,1,0
2.633578500,1,1
2.633595750,1,0
2.633647750,1,1
2.633656500,1,0
2.633665250,1,1
2.633691250,1,0
2.633700000,1,1
2.633717250,1,0
2.633726000,1,1
2.633743250,1,0
2.633752000,1,1
2.633769250,1,0
2.633778000,1,1
2.633786750,1,0
2.633821250,1,1
2.633830000,1,0
2.633856000,1,1
2.638479000,1,0
2.638505000,1,1
2.638513750,1,0
2.638522500,1,1
2.638531000,1,0
2.638539750,1,1
2.638565750,1,0
2.638574500,1,1
2.638583000,1,0
2.638600500,1,1
2.638609250,1,0
2.638617750,1,1
2.638635250,1,0
2.638643750,1,1
2.638652500,1,0
2.638661250,1,1
2.638678500,1,0
2.638730500,1,1
2.638739250,1,0
2.638765250,1,1
2.638800000,1,0
2.638808500,1,1
2.638826000,1,0
2.638834500,1,1
2.638852000,1,0
2.638860750,1,1
2.638869250,1,0
2.638904000,1,1
2.638912750,1,0
2.638930000,1,1
2.638947500,1,0
2.638956000,1,1
2.641724231,1,1
